CODIGO,NOME_DA_ESCALA,DESCRICAO_DA_ESTRUTURA,carga_horaria,JOR_batida_automatica
11035,ESCALA 2X2 - 18:00 AS 06:00 - 44H - 11035,ESCALA 2X2 18:00 | 06:00,44,"“1200”,”1300”"
11045,ESCALA 3X3 - 06:00 AS 18:00 - 44H - 11045,ESCALA 3X3 06:00 | 18:00,40,
11047,ESCALA 2X2 - 07:00 AS 19:00 - 44H - 11047,ESCALA 2X2 07:00 | 19:00,,
11050,SEG A SEX 08:00 AS 17:00 - 40H - 11050,SEG A SEX 08:00 | 17:00,,
11051,SEG A SEX 09:00 AS 18:00 - 40H - 11051,SEG A SEX 09:00 | 18:00,,
11052,ESCALA 3X3 - 18:00 AS 06:00 - 44H - 11052,ESCALA 3X3 18:00 | 06:00,,
11054,ESCALA 2X2 - 19:00 AS 07:00 - 44H - 11054,ESCALA 2X2 19:00 | 07:00,,
11063,ESCALA 12X36 - 06:00 AS 18:00 - 44H - 11063,ESCALA 12X36 06:00 | 18:00,,
11072,ESCALA 4X4 - 19:00 AS 07:00 - 44H - 11072,ESCALA 4X4 19:00 | 07:00,,
11079,SEG A QUI 13:00 AS 23:15 SEX - 13:00 AS 22:15 - 44H - 11079,SEG A QUI 13:00 | 23:15 E SEX 13:00 | 22:15,,
11112,SEG A QUI 07:00 AS 17:00 / SEX 07:00 AS 16:00 - 44H - 11112,SEG A QUI 07:00 | 17:00 E SEX 07:00 | 16:00,,
11115,"SEG A SEX 08:00 AS 17:30 - 42,5H - 11115",SEG A SEX 08:00 | 17:30,,
11116,SEG A SEX 18:00 AS 02:00 - 35H - 11116,SEG A SEX 18:00 | 02:00,,
11117,"SEG A SEX 08:30 AS 18:00 - 42,5H - 11117",SEG A SEX 08:30 | 18:00,,
11120,SEG A SEX 07:30 AS 13:30 - 30H - 11120,SEG A SEX 07:30 | 13:30,,
11121,SEG A SEX 07:00 AS 16:00 / SAB 07:00 AS 11:00 - 44H - 11121,SEG A SEX 07:00 | 16:00 E SAB 07:00 | 11:00,,
11122,SEG A SAB 17:00 AS 23:00 - 36H - 11122,SEG A SAB 17:00 | 23:00,,
11132,SEG A SEX 07:30 AS 13:30 - ENG TRAINEE - 30H - 11132,SEG A SEX 07:30 | 13:30,,
11156,ESCALA 12X36 - 19:00 AS 07:00 - 44H - 11156,ESCALA 12X36 19:00 | 07:00,,
11174,"SEG, QUA, QUI 12:00 AS 21:30 / TER, QUI 09:00 AS 18:30 - 42,5H - 11174","SEG, QUA, QUI 12:00 | 21:30 E TER, QUI 09:00 | 18:30",,
11180,ESCALA 2X2 - 18:00 AS 06:00 - 44H - 11180,ESCALA 2X2 18:00 | 06:00,,
11208,QUA A DOM 14:00 AS 23:09 - 40H - 11208,QUA A DOM 14:00 | 23:09,,
11209,QUA A DOM 23:00 AS 07:09 - 44H - 11209,QUA A DOM 23:00 | 07:09,,
11352,SEG A QUA E SEX 08:00 AS 17:20 / QUI 11:40 AS 21:00 - 40H - 11352,SEG A QUA E SEX 08:00 | 17:20 E QUI 11:40 | 21:00,,
11353,SEG A QUI 07:00 AS 16:30 / SEX 07:00 AS 16:00 - 42H - 11353,SEG A QUI 07:00 | 16:30 E SEX 07:00 | 16:00,,
11354,SEG A QUI 08:30 AS 18:50 / SEX 08:30 AS 17:50 - 44H - 11354,SEG A QUI 08:30 | 18:50 E SEX 08:30 | 17:50,,
11355,SEG A QUI 09:30 AS 19:50 / SEX 09:30 AS 18:50 - 44H - 11355,SEG A QUI 09:30 | 19:50 E SEX 09:30 | 18:50,,
11356,SEG A QUI 13:00 AS 23:20 / SEX 14:00 AS 23:20 - 44H - 11356,SEG A QUI 13:00 | 23:20 E SEX 14:00 | 23:20,,
11357,SEG A SEX 17:30 A 01:50 - 11357,SEG A SEX 17:30 | 01:50,,
11358,SEG A SEX 00:00 AS 07:00 - 30H - 11358,SEG A SEX 00:00 | 07:00,,
11359,SEG A SEX 07:00 AS 16:00 / SAB 07:00 AS 11:00 - 44H - 11359,SEG A SEX 07:00 | 16:00 E SAB 07:00 | 11:00,,
11360,SEG A SEX 07:00 AS 17:00 / SAB 07:00 AS 11:00 - 44H - INTERV 11 AS 13 - 11360,SEG A SEX 07:00 | 11:00 | 13:00 | 17:00 E SAB 07:00 | 11:00,,
11361,SEG A QUI 18:00 AS 03:42 / SEX 18:00 AS 02:50 - 44H - 11361,SEG A QUI 18:00 | 03:42 E SEX 18:00 | 02:50,,
11362,SEG A QUI 04:00 AS 14:12 / SEX 04:00 AS 13:12 - 44H - 11362,SEG A QUI 04:00 | 14:12 E SEX 04:00 | 13:12,,
11363,SEG A QUI 06:50 AS 17:10 / SEX 06:50 AS 16:10 - 44H - 11363,SEG A QUI 06:50 | 17:10 E SEX 06:50 | 16:10,,
11364,SEG A QUI 06:30 AS 16:30 / SEX 06:30 AS 15:30 - 11364,SEG A QUI 06:30 | 16:30 E SEX 06:30 | 15:30,,
11365,SEG A SEX 16:00 AS 00:38 - 40H - 11365,SEG A SEX 16:00 | 00:38,,
11366,SEG A QUI 08:30 AS 18:30 / SEX 08:30 AS 17:30 - 44H - 11366,SEG A QUI 08:30 | 18:30 E SEX 08:30 | 17:30,,
11369,SEG A QUI 07:30 AS 16:00 / SEX 07:30 AS 15:00 - 34H - INTERV 11:30 AS 13:00 - 11369,SEG A QUI 07:30 | 11:30 | 13:00 | 16:00 E SEX 07:30 | 11:30 | 13:00 | 15:00,,
11370,SEG A SEX 10:00 AS 19:20 - 40H - 11370,SEG A SEX 10:00 | 19:20,,
11371,SEG A SEX 10:00 AS 19:00 / SAB 10:00 AS 14:00 - 44H - 11371,SEG A SEX 10:00 | 19:00 E SAB 10:00 | 14:00,,
11372,ESCALA 12X36 - 18:00 AS 06:00 - 44H - 11372,ESCALA 12X36 18:00 | 06:00,,
11373,SEG A QUI 22:00 AS 08:00 / SEX 22:00 AS 07:00 - 44H - 11373,SEG A QUI 22:00 | 08:00 E SEX 22:00 | 07:00,,
11374,SEG 11:30 AS 17:30 / TER A SEX 07:30 AS 13:30 - INTER 15MIN - 11374,SEG 11:30 | 17:30 E TER A SEX 07:30 | 13:30,,
11375,SEG A QUI 23:00 AS 08:10 / SEX 23:00 AS 07:18 - 44H - 11375,SEG A QUI 23:00 | 08:10 E SEX 23:00 | 07:18,,
11376,SEG A QUI 21:00 AS 06:18 / SEX 21:00 AS 05:25 - 44H - 11376,SEG A QUI 21:00 | 06:18 E SEX 21:00 | 05:25,,
11377,SEG A QUI 20:00 AS 05:24 / SEX 20:00 AS 04:32 - 44H - 11377,SEG A QUI 20:00 | 05:24 E SEX 20:00 | 04:32,,
11378,SEG A QUI 06:00 AS 16:00 / SEX 06:00 AS 15:00 - 44H - 11378,SEG A QUI 06:00 | 16:00 E SEX 06:00 | 15:00,,
11379,SEG A SEX 07:45 AS 17:05 - 40H - 11379,SEG A SEX 07:45 | 17:05,,
11380,SEG A QUI 09:00 AS 19:20 / SEX 09:00 AS 18:20 - 44H - 11380,SEG A QUI 09:00 | 19:20 E SEX 09:00 | 18:20,,
11381,SEG A QUI 22:00 AS 07:10 / SEX 22:00 AS 06:18 - 44H - 11381,SEG A QUI 22:00 | 07:10 E SEX 22:00 | 06:18,,
11382,SEG A QUI 12:00 AS 22:18 / SEX 12:00 AS 21:20 - 44H - 11382,SEG A QUI 12:00 | 22:18 E SEX 12:00 | 21:20,,
11383,SEG A QUI 07:50 AS 17:10 / SEX 07:50 AS 16:10 - 40H - 11383,SEG A QUI 07:50 | 17:10 E SEX 07:50 | 16:10,,
11384,SEG A QUI 17:32 AS 03:20 / SEX 17:32 AS 02:20 - 44H - 11384,SEG A QUI 17:32 | 03:20 E SEX 17:32 | 02:20,,
11385,SEG A QUI 08:00 AS 18:00 / SEX 08:00 AS 17:00 - 44H (SERV EXT ) - 11385,SEG A QUI 08:00 | 18:00 E SEX 08:00 | 17:00,,
11386,SEG A QUI 17:00 AS 02:10 / SEX 17:00 AS 01:17 - 44H - 11386,SEG A QUI 17:00 | 02:10 E SEX 17:00 | 01:17,,
11387,SEG A QUI 15:40 A 01:30 / SEX 15:40 A 00:37 - 44H - 11387,SEG A QUI 15:40 | 01:30 E SEX 15:40 | 00:37,,
21014,SEG A SEX - 08:00 AS 18:00 - 42H C/ 1H30MIN ALMOÃ‡O - 21014,SEG A SEX 08:00 | 18:00,,
2,,,,
